filename	card	card_theme	category	prompt
thefool.jpeg	The Fool	Mistrust versus Trust 	The Fool's Shadow	not listening to your inner voice 
thefool.jpeg	The Fool	Mistrust versus Trust 	The Fool's Shadow	fearing or doubting the future 
thefool.jpeg	The Fool	Mistrust versus Trust 	The Fool's Shadow	remaining psychologically stuck 
thefool.jpeg	The Fool	Mistrust versus Trust 	The Fool's Shadow	having a blind naiveté (immaturity or foolishness) which allows others to take advantage of you
thefool.jpeg	The Fool	Mistrust versus Trust 	The Fool's Shadow	refusing to try the new 
thefool.jpeg	The Fool	Mistrust versus Trust 	The Fool's Shadow	lacking playfulness (being too solemn)
thefool.jpeg	The Fool	Mistrust versus Trust 	The Fool's Shadow	rigidity 
thefool.jpeg	The Fool	Mistrust versus Trust 	The Fool's Shadow Gifts	having an openness to divine guidance based on trust 
thefool.jpeg	The Fool	Mistrust versus Trust 	The Fool's Shadow Gifts	being willing to take a leap of faith into the unknown 
thefool.jpeg	The Fool	Mistrust versus Trust 	The Fool's Shadow Gifts	having a belief that the universe will provide you with what you 
thefool.jpeg	The Fool	Mistrust versus Trust 	The Fool's Shadow Gifts	need at the time you need it 
thefool.jpeg	The Fool	Mistrust versus Trust 	The Fool's Shadow Gifts	psychological growth 
thefool.jpeg	The Fool	Mistrust versus Trust 	The Fool's Shadow Gifts	having spontaneity and a sense of playfulness 
thefool.jpeg	The Fool	Mistrust versus Trust 	The Fool's Shadow Gifts	listening to your inner child 
thefool.jpeg	The Fool	Mistrust versus Trust 	The Fool's Shadow Gifts	willing to take risks and try something new without knowing the 
thefool.jpeg	The Fool	Mistrust versus Trust 	The Fool's Shadow Gifts	outcome because you trust the process 
thefool.jpeg	The Fool	Mistrust versus Trust 	The Fool's Shadow Gifts	abandoning old ways of thinking 
themagician.jpeg	The Magician	Lack of Focus Versus Focus 	The Magician's Shadow	not applying your energy and efforts in the right direction  
themagician.jpeg	The Magician	Lack of Focus Versus Focus 	The Magician's Shadow	being scattered  
themagician.jpeg	The Magician	Lack of Focus Versus Focus 	The Magician's Shadow	lacking focus and not focusing on the real issue 
themagician.jpeg	The Magician	Lack of Focus Versus Focus 	The Magician's Shadow	pessimism 
themagician.jpeg	The Magician	Lack of Focus Versus Focus 	The Magician's Shadow	using trickery or deceit to accomplish goals 
themagician.jpeg	The Magician	Lack of Focus Versus Focus 	The Magician's Shadow	indirectness 
themagician.jpeg	The Magician	Lack of Focus Versus Focus 	The Magician's Shadow	abusing power for selfish gain 
themagician.jpeg	The Magician	Lack of Focus Versus Focus 	The Magician's Shadow	starting many projects and not being able to complete them due to lack of motivation 
themagician.jpeg	The Magician	Lack of Focus Versus Focus 	The Magician's Shadow	at the worst, the shadow of the Magician is dishonest about motives and can be destructive in relationships 
themagician.jpeg	The Magician	Lack of Focus Versus Focus 	The Magician's Shadow Gifts	being able to prioritize and make a choice 
themagician.jpeg	The Magician	Lack of Focus Versus Focus 	The Magician's Shadow Gifts	taking action on your own behalf, rather than simply wishing for change or success 
themagician.jpeg	The Magician	Lack of Focus Versus Focus 	The Magician's Shadow Gifts	knowing there is always more to a situation than meets the eye 
themagician.jpeg	The Magician	Lack of Focus Versus Focus 	The Magician's Shadow Gifts	being able to focus your energy effectively to accomplish your goals 
themagician.jpeg	The Magician	Lack of Focus Versus Focus 	The Magician's Shadow Gifts	creating order out of chaos 
themagician.jpeg	The Magician	Lack of Focus Versus Focus 	The Magician's Shadow Gifts	being able to make your own reality by using a surge of creative energy 
themagician.jpeg	The Magician	Lack of Focus Versus Focus 	The Magician's Shadow Gifts	the ability to visualize your goals clearly 
themagician.jpeg	The Magician	Lack of Focus Versus Focus 	The Magician's Shadow Gifts	being aware of the inner guide 
themagician.jpeg	The Magician	Lack of Focus Versus Focus 	The Magician's Shadow Gifts	seeing your own potential and being able to visualize the work required to manifest it 
themagician.jpeg	The Magician	Lack of Focus Versus Focus 	The Magician's Shadow Gifts	the ability to plan and carry out those plans 
themagician.jpeg	The Magician	Lack of Focus Versus Focus 	The Magician's Shadow Gifts	working to make your goals real 
themagician.jpeg	The Magician	Lack of Focus Versus Focus 	The Magician's Shadow Gifts	being practical, energetic, insightful, spiricual, and emotionally mature—all at the same time 
themagician.jpeg	The Magician	Lack of Focus Versus Focus 	The Magician's Shadow Gifts	discovering the creator within 
thehighpriestess.jpeg	The High Priestess	Superficiality Versus Intuition 	The High Priestess' Shadow	being too literal or intellectual  
thehighpriestess.jpeg	The High Priestess	Superficiality Versus Intuition 	The High Priestess' Shadow	an inability to trust intuition  
thehighpriestess.jpeg	The High Priestess	Superficiality Versus Intuition 	The High Priestess' Shadow	not looking below the surface 
thehighpriestess.jpeg	The High Priestess	Superficiality Versus Intuition 	The High Priestess' Shadow	being unwilling to explore the unconscious 
thehighpriestess.jpeg	The High Priestess	Superficiality Versus Intuition 	The High Priestess' Shadow	an inability to acknowledge the masculine/feminine aspect of the personality 
thehighpriestess.jpeg	The High Priestess	Superficiality Versus Intuition 	The High Priestess' Shadow	being vague or so caught up in your intuitive nature that you have difficulty living in the real, day-to-day world 
thehighpriestess.jpeg	The High Priestess	Superficiality Versus Intuition 	The High Priestess' Shadow	disliking women 
thehighpriestess.jpeg	The High Priestess	Superficiality Versus Intuition 	The High Priestess' Shadow	secretive behavior 
thehighpriestess.jpeg	The High Priestess	Superficiality Versus Intuition 	The High Priestess' Shadow	rejection of all things esoteric  
thehighpriestess.jpeg	The High Priestess	Superficiality Versus Intuition 	The High Priestess' Shadow	superficiality 
thehighpriestess.jpeg	The High Priestess	Superficiality Versus Intuition 	The High Priestess' Shadow Gifts	having complete faith in your intuition 
thehighpriestess.jpeg	The High Priestess	Superficiality Versus Intuition 	The High Priestess' Shadow Gifts	making logical decisions based on your intuition 
thehighpriestess.jpeg	The High Priestess	Superficiality Versus Intuition 	The High Priestess' Shadow Gifts	involvement with a group of women 
thehighpriestess.jpeg	The High Priestess	Superficiality Versus Intuition 	The High Priestess' Shadow Gifts	exploring the unconscious 
thehighpriestess.jpeg	The High Priestess	Superficiality Versus Intuition 	The High Priestess' Shadow Gifts	seeking hidden knowledge through dreams, images, feelings, art, tarot, or astrology 
thehighpriestess.jpeg	The High Priestess	Superficiality Versus Intuition 	The High Priestess' Shadow Gifts	seeking a counselor to help you explore things unseen 
thehighpriestess.jpeg	The High Priestess	Superficiality Versus Intuition 	The High Priestess' Shadow Gifts	balancing the intellect and intuition 
theempress.jpeg	The Empress	Smothering Versus Mothering 	The Empress' Shadow	being a controlling, powerful woman  
theempress.jpeg	The Empress	Smothering Versus Mothering 	The Empress' Shadow	the archetype of the Wicked Stepmother  
theempress.jpeg	The Empress	Smothering Versus Mothering 	The Empress' Shadow	focused on others so much that self-nurturance is neglected 
theempress.jpeg	The Empress	Smothering Versus Mothering 	The Empress' Shadow	smothering others with a “love” that stifles individuality 
theempress.jpeg	The Empress	Smothering Versus Mothering 	The Empress' Shadow	being unable to let go of relationships 
theempress.jpeg	The Empress	Smothering Versus Mothering 	The Empress' Shadow	emotional neediness 
theempress.jpeg	The Empress	Smothering Versus Mothering 	The Empress' Shadow	dwelling on the pains of the past 
theempress.jpeg	The Empress	Smothering Versus Mothering 	The Empress' Shadow	not allowing for the opinions of others 
theempress.jpeg	The Empress	Smothering Versus Mothering 	The Empress' Shadow	feeling emotionally barren 
theempress.jpeg	The Empress	Smothering Versus Mothering 	The Empress' Shadow	destroying rather than creating 
theempress.jpeg	The Empress	Smothering Versus Mothering 	The Empress' Shadow	holding on to destructive situations 
theempress.jpeg	The Empress	Smothering Versus Mothering 	The Empress' Shadow Gifts	the archetype of the Great Mother 
theempress.jpeg	The Empress	Smothering Versus Mothering 	The Empress' Shadow Gifts	now is the time to establish yourself in relationship to others 
theempress.jpeg	The Empress	Smothering Versus Mothering 	The Empress' Shadow Gifts	she is the part of you who knows how to create what you need 
theempress.jpeg	The Empress	Smothering Versus Mothering 	The Empress' Shadow Gifts	a time to nourish yourself as well as others 
theempress.jpeg	The Empress	Smothering Versus Mothering 	The Empress' Shadow Gifts	the creator within 
theempress.jpeg	The Empress	Smothering Versus Mothering 	The Empress' Shadow Gifts	a time to heal family relationships 
theempress.jpeg	The Empress	Smothering Versus Mothering 	The Empress' Shadow Gifts	fertility of mind, body, or emotions 
theempress.jpeg	The Empress	Smothering Versus Mothering 	The Empress' Shadow Gifts	letting go of the need to control 
theempress.jpeg	The Empress	Smothering Versus Mothering 	The Empress' Shadow Gifts	creating rather than destroying 
theempress.jpeg	The Empress	Smothering Versus Mothering 	The Empress' Shadow Gifts	a time to get in touch with your body and sensuality 
theempress.jpeg	The Empress	Smothering Versus Mothering 	The Empress' Shadow Gifts	nurturing individuality 
theempress.jpeg	The Empress	Smothering Versus Mothering 	The Empress' Shadow Gifts	allowing others their own truths 
theemperor.jpeg	The Emperor	Rigidity Versus Stability 	The Emperor's Shadow	being disenchanted with life 
theemperor.jpeg	The Emperor	Rigidity Versus Stability 	The Emperor's Shadow	out of touch with feelings, lacking a sense of wonder or adventure 
theemperor.jpeg	The Emperor	Rigidity Versus Stability 	The Emperor's Shadow	intellect without imagination 
theemperor.jpeg	The Emperor	Rigidity Versus Stability 	The Emperor's Shadow	controlling others aggressively 
theemperor.jpeg	The Emperor	Rigidity Versus Stability 	The Emperor's Shadow	depending on others to control your behavior 
theemperor.jpeg	The Emperor	Rigidity Versus Stability 	The Emperor's Shadow	difficulty making decisions 
theemperor.jpeg	The Emperor	Rigidity Versus Stability 	The Emperor's Shadow	confusing authority with domination 
theemperor.jpeg	The Emperor	Rigidity Versus Stability 	The Emperor's Shadow	becoming angry when someone disagrees with you or challenges your authority 
theemperor.jpeg	The Emperor	Rigidity Versus Stability 	The Emperor's Shadow	exercising extreme self-control or none at all 
theemperor.jpeg	The Emperor	Rigidity Versus Stability 	The Emperor's Shadow	controlling father figure 
theemperor.jpeg	The Emperor	Rigidity Versus Stability 	The Emperor's Shadow	unreceptive to others 
theemperor.jpeg	The Emperor	Rigidity Versus Stability 	The Emperor's Shadow	stubbornness 
theemperor.jpeg	The Emperor	Rigidity Versus Stability 	The Emperor's Shadow Gifts	placing mind over matter 
theemperor.jpeg	The Emperor	Rigidity Versus Stability 	The Emperor's Shadow Gifts	being a respected authority figure 
theemperor.jpeg	The Emperor	Rigidity Versus Stability 	The Emperor's Shadow Gifts	building something real and solid 
theemperor.jpeg	The Emperor	Rigidity Versus Stability 	The Emperor's Shadow Gifts	energetic, imaginative, and assertive 
theemperor.jpeg	The Emperor	Rigidity Versus Stability 	The Emperor's Shadow Gifts	having the life force to strive and succeed 
theemperor.jpeg	The Emperor	Rigidity Versus Stability 	The Emperor's Shadow Gifts	having a clear-eyed view of reality 
theemperor.jpeg	The Emperor	Rigidity Versus Stability 	The Emperor's Shadow Gifts	giving form and structure to your life 
theemperor.jpeg	The Emperor	Rigidity Versus Stability 	The Emperor's Shadow Gifts	having a concrete idea or plan, with well-deserved power 
theemperor.jpeg	The Emperor	Rigidity Versus Stability 	The Emperor's Shadow Gifts	being outwardly directed 
theemperor.jpeg	The Emperor	Rigidity Versus Stability 	The Emperor's Shadow Gifts	accepting responsibility for your actions 
theemperor.jpeg	The Emperor	Rigidity Versus Stability 	The Emperor's Shadow Gifts	using logic to solve problems 
theemperor.jpeg	The Emperor	Rigidity Versus Stability 	The Emperor's Shadow Gifts	loving father figure 
theemperor.jpeg	The Emperor	Rigidity Versus Stability 	The Emperor's Shadow Gifts	leadership abilities, especially at work 
thehierophant.jpeg	The Hierophant	Fanaticism Versus Inner Conscience 	The Hierophant's Shadow	intolerance toward people whose religious viewpoint differs from yours  
thehierophant.jpeg	The Hierophant	Fanaticism Versus Inner Conscience 	The Hierophant's Shadow	being a “groupie,” that is, placing too much emphasis on affiliations, and getting stuck in the rhetoric of a group 
thehierophant.jpeg	The Hierophant	Fanaticism Versus Inner Conscience 	The Hierophant's Shadow	adopting principles without thinking them through or considering what they really mean in your life 
thehierophant.jpeg	The Hierophant	Fanaticism Versus Inner Conscience 	The Hierophant's Shadow	blindly following rules without thinking through the consequences 
thehierophant.jpeg	The Hierophant	Fanaticism Versus Inner Conscience 	The Hierophant's Shadow	being overly concerned with outer appearances 
thehierophant.jpeg	The Hierophant	Fanaticism Versus Inner Conscience 	The Hierophant's Shadow	exhibiting hostility toward the established order while lacking an inner guide 
thehierophant.jpeg	The Hierophant	Fanaticism Versus Inner Conscience 	The Hierophant's Shadow	going against your true beliefs in order to gain acceptance of a group 
thehierophant.jpeg	The Hierophant	Fanaticism Versus Inner Conscience 	The Hierophant's Shadow	blind faith and dogmatism 
thehierophant.jpeg	The Hierophant	Fanaticism Versus Inner Conscience 	The Hierophant's Shadow	spiritual corruption, while repressing the spiritual values of yourself or others 
thehierophant.jpeg	The Hierophant	Fanaticism Versus Inner Conscience 	The Hierophant's Shadow	casting off the religion or traditions of your childhood without first examining them for insight 
thehierophant.jpeg	The Hierophant	Fanaticism Versus Inner Conscience 	The Hierophant's Shadow	being without conscience or principles 
thehierophant.jpeg	The Hierophant	Fanaticism Versus Inner Conscience 	The Hierophant's Shadow Gifts	having an inner conscience that guides you and finding meaning within the established order 
thehierophant.jpeg	The Hierophant	Fanaticism Versus Inner Conscience 	The Hierophant's Shadow Gifts	searching for a spiritual or personal philosophy that is accessible through word, book, lecture, or service 
thehierophant.jpeg	The Hierophant	Fanaticism Versus Inner Conscience 	The Hierophant's Shadow Gifts	having a carefully thought out and studied personal philosophy that guides you rather than rules you 
thehierophant.jpeg	The Hierophant	Fanaticism Versus Inner Conscience 	The Hierophant's Shadow Gifts	conforming to a belief system or group because your Higher Self dictates it 
thehierophant.jpeg	The Hierophant	Fanaticism Versus Inner Conscience 	The Hierophant's Shadow Gifts	informed participation in a group rather than blind obedience 
thehierophant.jpeg	The Hierophant	Fanaticism Versus Inner Conscience 	The Hierophant's Shadow Gifts	finding value in the religion or traditions of your childhood because you have questioned and thoroughly examined them 
thehierophant.jpeg	The Hierophant	Fanaticism Versus Inner Conscience 	The Hierophant's Shadow Gifts	asking your inner teacher for guidance 
thelovers.jpg	The Lovers	Disharmony Versus Responsible Choices 	The Lovers' Shadow	being unable to make a choice, to trust love, or to risk losing control  
thelovers.jpg	The Lovers	Disharmony Versus Responsible Choices 	The Lovers' Shadow	feeling cut off from guidance because you are using only the conscious intellect 
thelovers.jpg	The Lovers	Disharmony Versus Responsible Choices 	The Lovers' Shadow	choosing irresponsibly 
thelovers.jpg	The Lovers	Disharmony Versus Responsible Choices 	The Lovers' Shadow	refusing to look at life's opposites or feeling out of balance 
thelovers.jpg	The Lovers	Disharmony Versus Responsible Choices 	The Lovers' Shadow	cutting yourself off from emotions which can lead to depression 
thelovers.jpg	The Lovers	Disharmony Versus Responsible Choices 	The Lovers' Shadow	infidelity 
thelovers.jpg	The Lovers	Disharmony Versus Responsible Choices 	The Lovers' Shadow	inability to get close in a relationship, and domination or power plays in relationships 
thelovers.jpg	The Lovers	Disharmony Versus Responsible Choices 	The Lovers' Shadow	difficulty recognizing conflicting aspects of yourself or not loving yourself 
thelovers.jpg	The Lovers	Disharmony Versus Responsible Choices 	The Lovers' Shadow	disharmony produced by indecision or poor choices 
thelovers.jpg	The Lovers	Disharmony Versus Responsible Choices 	The Lovers' Shadow	resistance to any type of therapy which might produce integration of conflicting forces 
thelovers.jpg	The Lovers	Disharmony Versus Responsible Choices 	The Lovers' Shadow Gifts	understanding that both the intellect and intuition are important for guidance 
thelovers.jpg	The Lovers	Disharmony Versus Responsible Choices 	The Lovers' Shadow Gifts	making responsible choices, especially in relationships 
thelovers.jpg	The Lovers	Disharmony Versus Responsible Choices 	The Lovers' Shadow Gifts	being able to identify the opposites needed for balance in any situation 
thelovers.jpg	The Lovers	Disharmony Versus Responsible Choices 	The Lovers' Shadow Gifts	becoming aware of the loving nature of your Higher Self 
thelovers.jpg	The Lovers	Disharmony Versus Responsible Choices 	The Lovers' Shadow Gifts	the choice of loving yourself, and being able to risk loving 
thelovers.jpg	The Lovers	Disharmony Versus Responsible Choices 	The Lovers' Shadow Gifts	making a responsible decision about a love relationship 
thelovers.jpg	The Lovers	Disharmony Versus Responsible Choices 	The Lovers' Shadow Gifts	the marriage of mind and spirit 
thelovers.jpg	The Lovers	Disharmony Versus Responsible Choices 	The Lovers' Shadow Gifts	looking to your Higher Self for guidance 
thelovers.jpg	The Lovers	Disharmony Versus Responsible Choices 	The Lovers' Shadow Gifts	the coming together of opposite qualities that leads to wholeness 
thelovers.jpg	The Lovers	Disharmony Versus Responsible Choices 	The Lovers' Shadow Gifts	the ability to negotiate 
thelovers.jpg	The Lovers	Disharmony Versus Responsible Choices 	The Lovers' Shadow Gifts	trusting love 
thelovers.jpg	The Lovers	Disharmony Versus Responsible Choices 	The Lovers' Shadow Gifts	having a relationship based on equality 
thelovers.jpg	The Lovers	Disharmony Versus Responsible Choices 	The Lovers' Shadow Gifts	the moving of your consciousness from your intellect to your heart 
thechariot.jpeg	The Chariot	Conflict Versus Balanced Control 	The Chariot's Shadow	not understanding or controlling the opposites within you  
thechariot.jpeg	The Chariot	Conflict Versus Balanced Control 	The Chariot's Shadow	inflated ego  
thechariot.jpeg	The Chariot	Conflict Versus Balanced Control 	The Chariot's Shadow	prohibitive hubris 
thechariot.jpeg	The Chariot	Conflict Versus Balanced Control 	The Chariot's Shadow	a self-control based in denial 
thechariot.jpeg	The Chariot	Conflict Versus Balanced Control 	The Chariot's Shadow	strength and authority that come from “out there” somewhere and not within 
thechariot.jpeg	The Chariot	Conflict Versus Balanced Control 	The Chariot's Shadow	conflict within and conflict with others 
thechariot.jpeg	The Chariot	Conflict Versus Balanced Control 	The Chariot's Shadow	struggles and battles that seem to have no purpose 
thechariot.jpeg	The Chariot	Conflict Versus Balanced Control 	The Chariot's Shadow	lack of self-control 
thechariot.jpeg	The Chariot	Conflict Versus Balanced Control 	The Chariot's Shadow	not having a sense of direction in your life 
thechariot.jpeg	The Chariot	Conflict Versus Balanced Control 	The Chariot's Shadow	wanting to control others 
thechariot.jpeg	The Chariot	Conflict Versus Balanced Control 	The Chariot's Shadow	unwillingness to consider another view 
thechariot.jpeg	The Chariot	Conflict Versus Balanced Control 	The Chariot's Shadow	charging ahead without doing your research 
thechariot.jpeg	The Chariot	Conflict Versus Balanced Control 	The Chariot's Shadow	inappropriate aggression or force 
thechariot.jpeg	The Chariot	Conflict Versus Balanced Control 	The Chariot's Shadow	making demands without self-reflection 
thechariot.jpeg	The Chariot	Conflict Versus Balanced Control 	The Chariot's Shadow Gifts	solving a present problem using the skills of your past experiences 
thechariot.jpeg	The Chariot	Conflict Versus Balanced Control 	The Chariot's Shadow Gifts	considering a problem from someone else’s viewpoint 
thechariot.jpeg	The Chariot	Conflict Versus Balanced Control 	The Chariot's Shadow Gifts	activism 
thechariot.jpeg	The Chariot	Conflict Versus Balanced Control 	The Chariot's Shadow Gifts	triumph and victory through hard work 
thechariot.jpeg	The Chariot	Conflict Versus Balanced Control 	The Chariot's Shadow Gifts	groundedness based on an inner knowing 
thechariot.jpeg	The Chariot	Conflict Versus Balanced Control 	The Chariot's Shadow Gifts	ying/yang: knowing the necessity of positive and negative forces (opposites) to balance life and cause growth within
thechariot.jpeg	The Chariot	Conflict Versus Balanced Control 	The Chariot's Shadow Gifts	strength and independence based on taking a full look at yourself 
thechariot.jpeg	The Chariot	Conflict Versus Balanced Control 	The Chariot's Shadow Gifts	learning about yourself (inner work) through the involvement with others (outer work)
thechariot.jpeg	The Chariot	Conflict Versus Balanced Control 	The Chariot's Shadow Gifts	strength and authority coming from within 
thestrength.jpeg	Strength	Rage versus Compassion 	Strength's Shadow	lack of courage or integrity  
thestrength.jpeg	Strength	Rage versus Compassion 	Strength's Shadow	insecurity  
thestrength.jpeg	Strength	Rage versus Compassion 	Strength's Shadow	destructive aggression 
thestrength.jpeg	Strength	Rage versus Compassion 	Strength's Shadow	rage, possibly expressed in abusiveness or sexual abuse 
thestrength.jpeg	Strength	Rage versus Compassion 	Strength's Shadow	lack of compassion or selfishness 
thestrength.jpeg	Strength	Rage versus Compassion 	Strength's Shadow	violent tendencies and hate 
thestrength.jpeg	Strength	Rage versus Compassion 	Strength's Shadow	relying too much on instincts 
thestrength.jpeg	Strength	Rage versus Compassion 	Strength's Shadow	being afraid of your instinctual (or animal) nature
thestrength.jpeg	Strength	Rage versus Compassion 	Strength's Shadow	denying the existence of a lower self 
thestrength.jpeg	Strength	Rage versus Compassion 	Strength's Shadow	denying the existence of the unconscious 
thestrength.jpeg	Strength	Rage versus Compassion 	Strength's Shadow	becoming a victim of your untamed nature by fearing it 
thestrength.jpeg	Strength	Rage versus Compassion 	Strength's Shadow Gifts	finding a way to make your animal nature a peaceful companion 
thestrength.jpeg	Strength	Rage versus Compassion 	Strength's Shadow Gifts	making peace with the dark side of your nature and extending that compassion to others 
thestrength.jpeg	Strength	Rage versus Compassion 	Strength's Shadow Gifts	the power to help others by first helping yourself 
thestrength.jpeg	Strength	Rage versus Compassion 	Strength's Shadow Gifts	being compassionate with yourself when you make mistakes 
thestrength.jpeg	Strength	Rage versus Compassion 	Strength's Shadow Gifts	being compassionate with others for making mistakes 
thestrength.jpeg	Strength	Rage versus Compassion 	Strength's Shadow Gifts	having courage, strength, and self-discipline 
thestrength.jpeg	Strength	Rage versus Compassion 	Strength's Shadow Gifts	potential for mastery of a problem 
thestrength.jpeg	Strength	Rage versus Compassion 	Strength's Shadow Gifts	self-awareness 
thestrength.jpeg	Strength	Rage versus Compassion 	Strength's Shadow Gifts	learning how to make contact with the unconscious 
thestrength.jpeg	Strength	Rage versus Compassion 	Strength's Shadow Gifts	making something tangible out of something heard inside 
thestrength.jpeg	Strength	Rage versus Compassion 	Strength's Shadow Gifts	being grounded and centered 
thestrength.jpeg	Strength	Rage versus Compassion 	Strength's Shadow Gifts	psychic centers are about to open 
thestrength.jpeg	Strength	Rage versus Compassion 	Strength's Shadow Gifts	having dignity 
thestrength.jpeg	Strength	Rage versus Compassion 	Strength's Shadow Gifts	leadership abilities based on compassion 
thestrength.jpeg	Strength	Rage versus Compassion 	Strength's Shadow Gifts	having an inner strength that allows you to heal yourself and others 
thehermit.jpeg	The Hermit	Fear of the Dark Versus Patient Solitude 	The Hermit's Shadow	fear of isolation and boredom  
thehermit.jpeg	The Hermit	Fear of the Dark Versus Patient Solitude 	The Hermit's Shadow	fear of being alone with your thoughts and feelings 
thehermit.jpeg	The Hermit	Fear of the Dark Versus Patient Solitude 	The Hermit's Shadow	fear of introspection 
thehermit.jpeg	The Hermit	Fear of the Dark Versus Patient Solitude 	The Hermit's Shadow	spiritual emptiness 
thehermit.jpeg	The Hermit	Fear of the Dark Versus Patient Solitude 	The Hermit's Shadow	engaging in meaningless activity or trying to make the meaningless more important than it is 
thehermit.jpeg	The Hermit	Fear of the Dark Versus Patient Solitude 	The Hermit's Shadow	extreme dependence on a spiritual leader or guru 
thehermit.jpeg	The Hermit	Fear of the Dark Versus Patient Solitude 	The Hermit's Shadow	extreme dependence on a psychic counselor, tarot reader, or astrologer 
thehermit.jpeg	The Hermit	Fear of the Dark Versus Patient Solitude 	The Hermit's Shadow	overinflated pride for having religious experiences 
thehermit.jpeg	The Hermit	Fear of the Dark Versus Patient Solitude 	The Hermit's Shadow	cutting yourself off from the world because you don't like people 
thehermit.jpeg	The Hermit	Fear of the Dark Versus Patient Solitude 	The Hermit's Shadow	running away from your problems 
thehermit.jpeg	The Hermit	Fear of the Dark Versus Patient Solitude 	The Hermit's Shadow	being unable to evaluate a situation because you don’t have clear goals 
thehermit.jpeg	The Hermit	Fear of the Dark Versus Patient Solitude 	The Hermit's Shadow	unable to accept aging or death  
thehermit.jpeg	The Hermit	Fear of the Dark Versus Patient Solitude 	The Hermit's Shadow	impatience, depression, indecision 
thehermit.jpeg	The Hermit	Fear of the Dark Versus Patient Solitude 	The Hermit's Shadow Gifts	seeking solitude to find inner strength 
thehermit.jpeg	The Hermit	Fear of the Dark Versus Patient Solitude 	The Hermit's Shadow Gifts	accepting the natural rhythm of life, including aging and death 
thehermit.jpeg	The Hermit	Fear of the Dark Versus Patient Solitude 	The Hermit's Shadow Gifts	being at a crossroads of decision and renewal 
thehermit.jpeg	The Hermit	Fear of the Dark Versus Patient Solitude 	The Hermit's Shadow Gifts	the ability to solve your own problems by introspection and listening to your own guidance 
thehermit.jpeg	The Hermit	Fear of the Dark Versus Patient Solitude 	The Hermit's Shadow Gifts	in withdrawing, you prepare for a way out of the dark 
thehermit.jpeg	The Hermit	Fear of the Dark Versus Patient Solitude 	The Hermit's Shadow Gifts	finding an individual light when established religions fail you 
thehermit.jpeg	The Hermit	Fear of the Dark Versus Patient Solitude 	The Hermit's Shadow Gifts	a spiritual climb that makes you a lantern in the dark for others 
thehermit.jpeg	The Hermit	Fear of the Dark Versus Patient Solitude 	The Hermit's Shadow Gifts	radiating a higher force 
thehermit.jpeg	The Hermit	Fear of the Dark Versus Patient Solitude 	The Hermit's Shadow Gifts	finding a spiritual leader or guru 
thehermit.jpeg	The Hermit	Fear of the Dark Versus Patient Solitude 	The Hermit's Shadow Gifts	seeking the advice of a psychic, tarot reader, or astrologer 
thehermit.jpeg	The Hermit	Fear of the Dark Versus Patient Solitude 	The Hermit's Shadow Gifts	having inner wisdom 
thehermit.jpeg	The Hermit	Fear of the Dark Versus Patient Solitude 	The Hermit's Shadow Gifts	accepting solitude as freeing rather than fear of the dark 
thehermit.jpeg	The Hermit	Fear of the Dark Versus Patient Solitude 	The Hermit's Shadow Gifts	using meditation as a way to understanding 
wheeloffortune.jpeg	The Wheel of Fortune	Blame Versus Change 	The Wheel of Fortune's Shadow	believing yourself to be a victim of fate  
wheeloffortune.jpeg	The Wheel of Fortune	Blame Versus Change 	The Wheel of Fortune's Shadow	feeling stuck in a rut  
wheeloffortune.jpeg	The Wheel of Fortune	Blame Versus Change 	The Wheel of Fortune's Shadow	fighting change 
wheeloffortune.jpeg	The Wheel of Fortune	Blame Versus Change 	The Wheel of Fortune's Shadow	lacking the persistence necessary to carry out tasks 
wheeloffortune.jpeg	The Wheel of Fortune	Blame Versus Change 	The Wheel of Fortune's Shadow	unable to roll with the punches of life 
wheeloffortune.jpeg	The Wheel of Fortune	Blame Versus Change 	The Wheel of Fortune's Shadow	not recognizing opportunities 
wheeloffortune.jpeg	The Wheel of Fortune	Blame Versus Change 	The Wheel of Fortune's Shadow	unable to finish what you start 
wheeloffortune.jpeg	The Wheel of Fortune	Blame Versus Change 	The Wheel of Fortune's Shadow	not cleaning up loose ends, especially with relationships 
wheeloffortune.jpeg	The Wheel of Fortune	Blame Versus Change 	The Wheel of Fortune's Shadow	getting caught in the trivia of life 
wheeloffortune.jpeg	The Wheel of Fortune	Blame Versus Change 	The Wheel of Fortune's Shadow	unable to accept change as a natural cycle of life 
wheeloffortune.jpeg	The Wheel of Fortune	Blame Versus Change 	The Wheel of Fortune's Shadow	wishing everything would stay the same 
wheeloffortune.jpeg	The Wheel of Fortune	Blame Versus Change 	The Wheel of Fortune's Shadow	blaming others or “fate” for what befalls you 
wheeloffortune.jpeg	The Wheel of Fortune	Blame Versus Change 	The Wheel of Fortune's Shadow	missing the big picture 
wheeloffortune.jpeg	The Wheel of Fortune	Blame Versus Change 	The Wheel of Fortune's Shadow	holding on to the past 
wheeloffortune.jpeg	The Wheel of Fortune	Blame Versus Change 	The Wheel of Fortune's Shadow Gifts	understanding that there is an orderly plan behind the seemingly random changes of your life 
wheeloffortune.jpeg	The Wheel of Fortune	Blame Versus Change 	The Wheel of Fortune's Shadow Gifts	accepting the cyclical nature of time and change: every situation has the potential for learning 
wheeloffortune.jpeg	The Wheel of Fortune	Blame Versus Change 	The Wheel of Fortune's Shadow Gifts	knowing you are a part of an ever-changing process 
wheeloffortune.jpeg	The Wheel of Fortune	Blame Versus Change 	The Wheel of Fortune's Shadow Gifts	accepting responsibility for what befalls you without blaming fate 
wheeloffortune.jpeg	The Wheel of Fortune	Blame Versus Change 	The Wheel of Fortune's Shadow Gifts	realizing that the more you know about your inner self, the more you choose your own destiny 
wheeloffortune.jpeg	The Wheel of Fortune	Blame Versus Change 	The Wheel of Fortune's Shadow Gifts	observing the overall pattern of your life instead of the details 
wheeloffortune.jpeg	The Wheel of Fortune	Blame Versus Change 	The Wheel of Fortune's Shadow Gifts	a fortunate new beginning 
wheeloffortune.jpeg	The Wheel of Fortune	Blame Versus Change 	The Wheel of Fortune's Shadow Gifts	a new chapter in your life is starting 
wheeloffortune.jpeg	The Wheel of Fortune	Blame Versus Change 	The Wheel of Fortune's Shadow Gifts	understanding cause and effect and directing your life accordingly 
justice.jpeg	Justice	Imbalance Versus Balance 	Justice's Shadow	being overly concerned with the “fairness” of your situation  
justice.jpeg	Justice	Imbalance Versus Balance 	Justice's Shadow	an inability to accept the consequences of your actions  
justice.jpeg	Justice	Imbalance Versus Balance 	Justice's Shadow	leaping to a hasty decision without weighing all the factors 
justice.jpeg	Justice	Imbalance Versus Balance 	Justice's Shadow	lack of balance in your life 
justice.jpeg	Justice	Imbalance Versus Balance 	Justice's Shadow	not taking into account extenuating circumstances 
justice.jpeg	Justice	Imbalance Versus Balance 	Justice's Shadow	being so concerned with fairness that you shut out compassion and mercy 
justice.jpeg	Justice	Imbalance Versus Balance 	Justice's Shadow	needing a balanced mind 
justice.jpeg	Justice	Imbalance Versus Balance 	Justice's Shadow	lacking conscience 
justice.jpeg	Justice	Imbalance Versus Balance 	Justice's Shadow	using only cold logic to make a decision, or being illogical 
justice.jpeg	Justice	Imbalance Versus Balance 	Justice's Shadow	not being able to weigh and balance difficult decisions 
justice.jpeg	Justice	Imbalance Versus Balance 	Justice's Shadow	being out of touch with your Higher Self 
justice.jpeg	Justice	Imbalance Versus Balance 	Justice's Shadow	unclear thinking processes or prejudice 
justice.jpeg	Justice	Imbalance Versus Balance 	Justice's Shadow	all-or-nothing viewpoint 
justice.jpeg	Justice	Imbalance Versus Balance 	Justice's Shadow	going to one extreme or the other 
justice.jpeg	Justice	Imbalance Versus Balance 	Justice's Shadow Gifts	having the ability to be make adjustments in your life 
justice.jpeg	Justice	Imbalance Versus Balance 	Justice's Shadow Gifts	a balanced intellect 
justice.jpeg	Justice	Imbalance Versus Balance 	Justice's Shadow Gifts	having clarity of mind and the ability to make fair decisions 
justice.jpeg	Justice	Imbalance Versus Balance 	Justice's Shadow Gifts	being reasonable 
justice.jpeg	Justice	Imbalance Versus Balance 	Justice's Shadow Gifts	weighing and balancing difficult decisions 
justice.jpeg	Justice	Imbalance Versus Balance 	Justice's Shadow Gifts	impartiality 
justice.jpeg	Justice	Imbalance Versus Balance 	Justice's Shadow Gifts	setting things right 
justice.jpeg	Justice	Imbalance Versus Balance 	Justice's Shadow Gifts	making amends 
justice.jpeg	Justice	Imbalance Versus Balance 	Justice's Shadow Gifts	blending your Higher Self with daily thinking to produce harmony 
justice.jpeg	Justice	Imbalance Versus Balance 	Justice's Shadow Gifts	being a mediator 
justice.jpeg	Justice	Imbalance Versus Balance 	Justice's Shadow Gifts	being true to yourself 
thehangedman.jpeg	The Hanged Man	Pride Versus Humility 	The Hanged Man's Shadow	being plunged into a state of despair when things don’t go your way  
thehangedman.jpeg	The Hanged Man	Pride Versus Humility 	The Hanged Man's Shadow	being “hung up” by circumstances where old behaviors are no longer working 
thehangedman.jpeg	The Hanged Man	Pride Versus Humility 	The Hanged Man's Shadow	allowing pride to get in the way of personal growth 
thehangedman.jpeg	The Hanged Man	Pride Versus Humility 	The Hanged Man's Shadow	an inability to consider change 
thehangedman.jpeg	The Hanged Man	Pride Versus Humility 	The Hanged Man's Shadow	rigidly holding on to old values 
thehangedman.jpeg	The Hanged Man	Pride Versus Humility 	The Hanged Man's Shadow	an unwillingness to make the necessary sacrifices or do the work necessary for success 
thehangedman.jpeg	The Hanged Man	Pride Versus Humility 	The Hanged Man's Shadow	sacrificing too much of yourself 
thehangedman.jpeg	The Hanged Man	Pride Versus Humility 	The Hanged Man's Shadow	futile struggling over a situation over which you actually have no control 
thehangedman.jpeg	The Hanged Man	Pride Versus Humility 	The Hanged Man's Shadow	placing more importance on the exterior life than the interior one 
thehangedman.jpeg	The Hanged Man	Pride Versus Humility 	The Hanged Man's Shadow Gifts	being able to look at something from another angle 
thehangedman.jpeg	The Hanged Man	Pride Versus Humility 	The Hanged Man's Shadow Gifts	considering another viewpoint 
thehangedman.jpeg	The Hanged Man	Pride Versus Humility 	The Hanged Man's Shadow Gifts	understanding that success requires a sacrifice 
thehangedman.jpeg	The Hanged Man	Pride Versus Humility 	The Hanged Man's Shadow Gifts	being willing to make a sacrifice for a larger goal 
thehangedman.jpeg	The Hanged Man	Pride Versus Humility 	The Hanged Man's Shadow Gifts	deliberate turning toward the Higher Self and asking for help 
thehangedman.jpeg	The Hanged Man	Pride Versus Humility 	The Hanged Man's Shadow Gifts	losing pride to gain humility 
thehangedman.jpeg	The Hanged Man	Pride Versus Humility 	The Hanged Man's Shadow Gifts	making a conscious choice which will have far-reaching consequences 
thehangedman.jpeg	The Hanged Man	Pride Versus Humility 	The Hanged Man's Shadow Gifts	allowing things to happen without the need to control 
thehangedman.jpeg	The Hanged Man	Pride Versus Humility 	The Hanged Man's Shadow Gifts	coming to grips with unconscious forces within you 
thehangedman.jpeg	The Hanged Man	Pride Versus Humility 	The Hanged Man's Shadow Gifts	being suspended in time and being able to tolerate that suspension 
thehangedman.jpeg	The Hanged Man	Pride Versus Humility 	The Hanged Man's Shadow Gifts	sacrificing comfort for a greater good 
death.jpeg	Death	Stagnation Versus Transformation 	Death's Shadow	blocking out sad feelings  
death.jpeg	Death	Stagnation Versus Transformation 	Death's Shadow	staying stuck  
death.jpeg	Death	Stagnation Versus Transformation 	Death's Shadow	fear of losing the old 
death.jpeg	Death	Stagnation Versus Transformation 	Death's Shadow	an unwillingness to move on 
death.jpeg	Death	Stagnation Versus Transformation 	Death's Shadow	fearing change and allowing that fear to control you 
death.jpeg	Death	Stagnation Versus Transformation 	Death's Shadow	not being able to let go of what is no longer useful 
death.jpeg	Death	Stagnation Versus Transformation 	Death's Shadow	living in the past 
death.jpeg	Death	Stagnation Versus Transformation 	Death's Shadow	physical or mental stagnation 
death.jpeg	Death	Stagnation Versus Transformation 	Death's Shadow	inertia 
death.jpeg	Death	Stagnation Versus Transformation 	Death's Shadow	mourning too long as a way to avoid moving forward 
death.jpeg	Death	Stagnation Versus Transformation 	Death's Shadow	the mask you wear and show to the world 
death.jpeg	Death	Stagnation Versus Transformation 	Death's Shadow	an unwillingness to experience emotional pain 
death.jpeg	Death	Stagnation Versus Transformation 	Death's Shadow	losing opportunities because of an unwillingness to change 
death.jpeg	Death	Stagnation Versus Transformation 	Death's Shadow Gifts	letting go of the old to make way for the new 
death.jpeg	Death	Stagnation Versus Transformation 	Death's Shadow Gifts	saying goodbye and relinquishing in love 
death.jpeg	Death	Stagnation Versus Transformation 	Death's Shadow Gifts	tuning in to the process of rebirth 
death.jpeg	Death	Stagnation Versus Transformation 	Death's Shadow Gifts	allowing yourself to mourn 
death.jpeg	Death	Stagnation Versus Transformation 	Death's Shadow Gifts	understanding that nothing ever dies, it only transforms 
death.jpeg	Death	Stagnation Versus Transformation 	Death's Shadow Gifts	being comforted during a sad time with valid insights 
death.jpeg	Death	Stagnation Versus Transformation 	Death's Shadow Gifts	realizing it is the end of a relationship, situation, or way of thinking/feeling, and new beginnings will follow the grieving period 
death.jpeg	Death	Stagnation Versus Transformation 	Death's Shadow Gifts	unfolding the mystery of transition—between the old and the new lies mourning 
death.jpeg	Death	Stagnation Versus Transformation 	Death's Shadow Gifts	recognizing it’s time to let go of outdated habits, actions, and attitudes 
death.jpeg	Death	Stagnation Versus Transformation 	Death's Shadow Gifts	being open to change and the opportunities it brings 
temperance.jpeg	Temperance	Overindulgence Versus Easy Does It 	Temperance's Shadow	having a tendency to feel powerful when everything is going your way 
temperance.jpeg	Temperance	Overindulgence Versus Easy Does It 	Temperance's Shadow	not allowing emotions to flow, so they get stuck in depression or erupt in violence 
temperance.jpeg	Temperance	Overindulgence Versus Easy Does It 	Temperance's Shadow	denying a dialogue between yourself and your higher consciousness 
temperance.jpeg	Temperance	Overindulgence Versus Easy Does It 	Temperance's Shadow	giving undue weight to one emotion 
temperance.jpeg	Temperance	Overindulgence Versus Easy Does It 	Temperance's Shadow	being uncooperative 
temperance.jpeg	Temperance	Overindulgence Versus Easy Does It 	Temperance's Shadow	taking action without thought to the consequences 
temperance.jpeg	Temperance	Overindulgence Versus Easy Does It 	Temperance's Shadow	having mood swings 
temperance.jpeg	Temperance	Overindulgence Versus Easy Does It 	Temperance's Shadow	overindulgence and addictions 
temperance.jpeg	Temperance	Overindulgence Versus Easy Does It 	Temperance's Shadow	having no patience 
temperance.jpeg	Temperance	Overindulgence Versus Easy Does It 	Temperance's Shadow	being self-centered 
temperance.jpeg	Temperance	Overindulgence Versus Easy Does It 	Temperance's Shadow	feeling out of control 
temperance.jpeg	Temperance	Overindulgence Versus Easy Does It 	Temperance's Shadow	conflict and struggle in relationships 
temperance.jpeg	Temperance	Overindulgence Versus Easy Does It 	Temperance's Shadow Gifts	using moderation and self-restraint 
temperance.jpeg	Temperance	Overindulgence Versus Easy Does It 	Temperance's Shadow Gifts	striving for emotional balance 
temperance.jpeg	Temperance	Overindulgence Versus Easy Does It 	Temperance's Shadow Gifts	not rushing or overdoing 
temperance.jpeg	Temperance	Overindulgence Versus Easy Does It 	Temperance's Shadow Gifts	allowing higher consciousness to flow freely into conscious thought 
temperance.jpeg	Temperance	Overindulgence Versus Easy Does It 	Temperance's Shadow Gifts	performing service for others without thought of selfish gains 
temperance.jpeg	Temperance	Overindulgence Versus Easy Does It 	Temperance's Shadow Gifts	living a spiritual life, but being concerned with human matters, too 
temperance.jpeg	Temperance	Overindulgence Versus Easy Does It 	Temperance's Shadow Gifts	learning how to balance life’s opposites 
temperance.jpeg	Temperance	Overindulgence Versus Easy Does It 	Temperance's Shadow Gifts	deciding to do something because you want to test yourself 
temperance.jpeg	Temperance	Overindulgence Versus Easy Does It 	Temperance's Shadow Gifts	having harmony within relationships 
temperance.jpeg	Temperance	Overindulgence Versus Easy Does It 	Temperance's Shadow Gifts	taking a moderate approach—easy does it, but do it 
temperance.jpeg	Temperance	Overindulgence Versus Easy Does It 	Temperance's Shadow Gifts	allowing the healing process to unfold in its own time 
thedevil.jpeg	The Devil	Fear and Separation Versus Love and Connectedness 	The Devil's Shadow	being chained to your fear, thoughts, and feelings  
thedevil.jpeg	The Devil	Fear and Separation Versus Love and Connectedness 	The Devil's Shadow	failure to love yourself  
thedevil.jpeg	The Devil	Fear and Separation Versus Love and Connectedness 	The Devil's Shadow	being chained to material goods 
thedevil.jpeg	The Devil	Fear and Separation Versus Love and Connectedness 	The Devil's Shadow	being in bondage to negative thought patterns, habits, situations, or relationships 
thedevil.jpeg	The Devil	Fear and Separation Versus Love and Connectedness 	The Devil's Shadow	having an issue with power—controlling or being controlled 
thedevil.jpeg	The Devil	Fear and Separation Versus Love and Connectedness 	The Devil's Shadow	allowing yourself to be victimized 
thedevil.jpeg	The Devil	Fear and Separation Versus Love and Connectedness 	The Devil's Shadow	being too serious about life 
thedevil.jpeg	The Devil	Fear and Separation Versus Love and Connectedness 	The Devil's Shadow	the inability to play 
thedevil.jpeg	The Devil	Fear and Separation Versus Love and Connectedness 	The Devil's Shadow	cutting yourself off from others by greed or ambition 
thedevil.jpeg	The Devil	Fear and Separation Versus Love and Connectedness 	The Devil's Shadow	having ambition turn to greed or the need for power 
thedevil.jpeg	The Devil	Fear and Separation Versus Love and Connectedness 	The Devil's Shadow	being the aggressor 
thedevil.jpeg	The Devil	Fear and Separation Versus Love and Connectedness 	The Devil's Shadow	repressed sexuality 
thedevil.jpeg	The Devil	Fear and Separation Versus Love and Connectedness 	The Devil's Shadow Gifts	removing the blocks of fear and separateness, causing great growth 
thedevil.jpeg	The Devil	Fear and Separation Versus Love and Connectedness 	The Devil's Shadow Gifts	understanding your own light side/dark side which leads to compassion for others 
thedevil.jpeg	The Devil	Fear and Separation Versus Love and Connectedness 	The Devil's Shadow Gifts	confronting your own negative reality and breaking free of the bondage 
thedevil.jpeg	The Devil	Fear and Separation Versus Love and Connectedness 	The Devil's Shadow Gifts	accepting your need to lighten up and play 
thedevil.jpeg	The Devil	Fear and Separation Versus Love and Connectedness 	The Devil's Shadow Gifts	having a choice to do things differently 
thedevil.jpeg	The Devil	Fear and Separation Versus Love and Connectedness 	The Devil's Shadow Gifts	finding the discipline and courage to break free of negative habits and stuck ways of thinking 
thedevil.jpeg	The Devil	Fear and Separation Versus Love and Connectedness 	The Devil's Shadow Gifts	having a confrontation with the inner world 
thedevil.jpeg	The Devil	Fear and Separation Versus Love and Connectedness 	The Devil's Shadow Gifts	learning to love yourself and others 
thedevil.jpeg	The Devil	Fear and Separation Versus Love and Connectedness 	The Devil's Shadow Gifts	expressing your sexuality with joy 
thedevil.jpeg	The Devil	Fear and Separation Versus Love and Connectedness 	The Devil's Shadow Gifts	exercising free will to foster growth 
thedevil.jpeg	The Devil	Fear and Separation Versus Love and Connectedness 	The Devil's Shadow Gifts	feeling connected to other people and less to material goods 
thetower.jpeg	The Tower	Destruction Versus Liberation 	The Tower's Shadow	having false philosophies or old goals which prevent you from seizing new opportunities  
thetower.jpeg	The Tower	Destruction Versus Liberation 	The Tower's Shadow	building a fortress of false security around you 
thetower.jpeg	The Tower	Destruction Versus Liberation 	The Tower's Shadow	lacking insight 
thetower.jpeg	The Tower	Destruction Versus Liberation 	The Tower's Shadow	destroying the possibility of new growth by rigidly holding on to ideas or attitudes 
thetower.jpeg	The Tower	Destruction Versus Liberation 	The Tower's Shadow	avoidance of change 
thetower.jpeg	The Tower	Destruction Versus Liberation 	The Tower's Shadow	presenting a false image of yourself to others 
thetower.jpeg	The Tower	Destruction Versus Liberation 	The Tower's Shadow	falling apart or breaking down when things change 
thetower.jpeg	The Tower	Destruction Versus Liberation 	The Tower's Shadow	releasing repressed energy in an angry or destructive way 
thetower.jpeg	The Tower	Destruction Versus Liberation 	The Tower's Shadow	seeking permanence in impermanent things 
thetower.jpeg	The Tower	Destruction Versus Liberation 	The Tower's Shadow	being conventional to the point of being rigid 
thetower.jpeg	The Tower	Destruction Versus Liberation 	The Tower's Shadow Gifts	breaking down unhealthy beliefs to liberate your true self  
thetower.jpeg	The Tower	Destruction Versus Liberation 	The Tower's Shadow Gifts	having a flash of illumination 
thetower.jpeg	The Tower	Destruction Versus Liberation 	The Tower's Shadow Gifts	breaking through old ways of thinking 
thetower.jpeg	The Tower	Destruction Versus Liberation 	The Tower's Shadow Gifts	changing false structures and finding true values 
thetower.jpeg	The Tower	Destruction Versus Liberation 	The Tower's Shadow Gifts	exercising free choice 
thetower.jpeg	The Tower	Destruction Versus Liberation 	The Tower's Shadow Gifts	living your own chosen way rather than by convention 
thetower.jpeg	The Tower	Destruction Versus Liberation 	The Tower's Shadow Gifts	releasing repressed energy that is exciting and dynamic 
thetower.jpeg	The Tower	Destruction Versus Liberation 	The Tower's Shadow Gifts	seeing things in a new light 
thetower.jpeg	The Tower	Destruction Versus Liberation 	The Tower's Shadow Gifts	making room for the unexpected 
thetower.jpeg	The Tower	Destruction Versus Liberation 	The Tower's Shadow Gifts	presenting your true self to others 
thetower.jpeg	The Tower	Destruction Versus Liberation 	The Tower's Shadow Gifts	soul-searching 
thetower.jpeg	The Tower	Destruction Versus Liberation 	The Tower's Shadow Gifts	finding inner strength and spiritual meaning in tragedy and loss 
thetower.jpeg	The Tower	Destruction Versus Liberation 	The Tower's Shadow Gifts	realizing nothing is permanent except the spirit 
thetower.jpeg	The Tower	Destruction Versus Liberation 	The Tower's Shadow Gifts	seeking divine truth 
thetower.jpeg	The Tower	Destruction Versus Liberation 	The Tower's Shadow Gifts	having sudden insight 
thestar.jpeg	The Star	Denial and Despair Versus Healing and Hope 	The Star's Shadow	denying the reality of a situation or issue  
thestar.jpeg	The Star	Denial and Despair Versus Healing and Hope 	The Star's Shadow	failing to recognize your talents and abilities  
thestar.jpeg	The Star	Denial and Despair Versus Healing and Hope 	The Star's Shadow	feelings of despair 
thestar.jpeg	The Star	Denial and Despair Versus Healing and Hope 	The Star's Shadow	loss of hope 
thestar.jpeg	The Star	Denial and Despair Versus Healing and Hope 	The Star's Shadow	loss of self-esteem 
thestar.jpeg	The Star	Denial and Despair Versus Healing and Hope 	The Star's Shadow	getting lost in wishful thinking, fantasy, or idealism 
thestar.jpeg	The Star	Denial and Despair Versus Healing and Hope 	The Star's Shadow	pessimism and lacking faith 
thestar.jpeg	The Star	Denial and Despair Versus Healing and Hope 	The Star's Shadow	seeing life as pointless 
thestar.jpeg	The Star	Denial and Despair Versus Healing and Hope 	The Star's Shadow	failure to open to both inner and outer truths 
thestar.jpeg	The Star	Denial and Despair Versus Healing and Hope 	The Star's Shadow	failing to align with higher consciousness 
thestar.jpeg	The Star	Denial and Despair Versus Healing and Hope 	The Star's Shadow	lack of self-confidence 
thestar.jpeg	The Star	Denial and Despair Versus Healing and Hope 	The Star's Shadow Gifts	an opportunity for new insight into a situation 
thestar.jpeg	The Star	Denial and Despair Versus Healing and Hope 	The Star's Shadow Gifts	reliance on your higher consciousness for renewal 
thestar.jpeg	The Star	Denial and Despair Versus Healing and Hope 	The Star's Shadow Gifts	participation in your own healing 
thestar.jpeg	The Star	Denial and Despair Versus Healing and Hope 	The Star's Shadow Gifts	gaining a sense of direction 
thestar.jpeg	The Star	Denial and Despair Versus Healing and Hope 	The Star's Shadow Gifts	having a renewed sense of hope based on an inner focus and outer awareness 
thestar.jpeg	The Star	Denial and Despair Versus Healing and Hope 	The Star's Shadow Gifts	inspiration 
thestar.jpeg	The Star	Denial and Despair Versus Healing and Hope 	The Star's Shadow Gifts	belief in a new and better life 
thestar.jpeg	The Star	Denial and Despair Versus Healing and Hope 	The Star's Shadow Gifts	keeping a sense of equilibrium when life is at a low ebb 
thestar.jpeg	The Star	Denial and Despair Versus Healing and Hope 	The Star's Shadow Gifts	having a sense of purpose 
thestar.jpeg	The Star	Denial and Despair Versus Healing and Hope 	The Star's Shadow Gifts	feeling connected to your Spiritual Source 
thestar.jpeg	The Star	Denial and Despair Versus Healing and Hope 	The Star's Shadow Gifts	the calm after the storm 
thestar.jpeg	The Star	Denial and Despair Versus Healing and Hope 	The Star's Shadow Gifts	removing all fear 
thestar.jpeg	The Star	Denial and Despair Versus Healing and Hope 	The Star's Shadow Gifts	having compassion 
thestar.jpeg	The Star	Denial and Despair Versus Healing and Hope 	The Star's Shadow Gifts	discovering the inner light and the healing heart 
themoon.jpeg	The Moon	Confusion Versus Mystery 	The Moon's Shadow	time of doubt and confusion about your feelings 
themoon.jpeg	The Moon	Confusion Versus Mystery 	The Moon's Shadow	wondering if you are having spiritual experiences or are going crazy 
themoon.jpeg	The Moon	Confusion Versus Mystery 	The Moon's Shadow	the unconscious in its uncontrolled aspects 
themoon.jpeg	The Moon	Confusion Versus Mystery 	The Moon's Shadow	a feeling of madness 
themoon.jpeg	The Moon	Confusion Versus Mystery 	The Moon's Shadow	an uncomfortable fluctuation between feelings 
themoon.jpeg	The Moon	Confusion Versus Mystery 	The Moon's Shadow	indecision and passivity 
themoon.jpeg	The Moon	Confusion Versus Mystery 	The Moon's Shadow	failure to acknowledge sensitivity or imagination 
themoon.jpeg	The Moon	Confusion Versus Mystery 	The Moon's Shadow	resistance to recognizing the shadow 
themoon.jpeg	The Moon	Confusion Versus Mystery 	The Moon's Shadow	mood swings, depression, or lunacy 
themoon.jpeg	The Moon	Confusion Versus Mystery 	The Moon's Shadow	difficulty accepting the esoteric meaning of some experiences or feelings 
themoon.jpeg	The Moon	Confusion Versus Mystery 	The Moon's Shadow	feeling as though everything is clouded or vague 
themoon.jpeg	The Moon	Confusion Versus Mystery 	The Moon's Shadow	avoidance of intense feelings 
themoon.jpeg	The Moon	Confusion Versus Mystery 	The Moon's Shadow	not acknowledging the cycles of your life 
themoon.jpeg	The Moon	Confusion Versus Mystery 	The Moon's Shadow	unreceptive to information from dreams 
themoon.jpeg	The Moon	Confusion Versus Mystery 	The Moon's Shadow	being vulnerable to the advice from others, even if it’s not in your best interest 
themoon.jpeg	The Moon	Confusion Versus Mystery 	The Moon's Shadow Gifts	the moon’s essence is reflection; cold, but by her light we see our shadows 
themoon.jpeg	The Moon	Confusion Versus Mystery 	The Moon's Shadow Gifts	realizing solutions may be intuitive rather than logical 
themoon.jpeg	The Moon	Confusion Versus Mystery 	The Moon's Shadow Gifts	being open to information from dreams 
themoon.jpeg	The Moon	Confusion Versus Mystery 	The Moon's Shadow Gifts	trusting feelings and intuition 
themoon.jpeg	The Moon	Confusion Versus Mystery 	The Moon's Shadow Gifts	being open to the mysteries of your life 
themoon.jpeg	The Moon	Confusion Versus Mystery 	The Moon's Shadow Gifts	failing intellect when facing the darkness and realization that only intuitive insight can uncover the depths 
themoon.jpeg	The Moon	Confusion Versus Mystery 	The Moon's Shadow Gifts	relying on intuition for guidance 
themoon.jpeg	The Moon	Confusion Versus Mystery 	The Moon's Shadow Gifts	recognizing the changes and cycles of your life 
themoon.jpeg	The Moon	Confusion Versus Mystery 	The Moon's Shadow Gifts	having vivid memories that help you understand your situation 
thesun.jpeg	The Sun	Burnout Versus Golden Understanding 	The Sun's Shadow	burnout—feeling as though you are just surviving rather than thriving  
thesun.jpeg	The Sun	Burnout Versus Golden Understanding 	The Sun's Shadow	feeling overcome with the responsibilities of your life  
thesun.jpeg	The Sun	Burnout Versus Golden Understanding 	The Sun's Shadow	lacking creativity 
thesun.jpeg	The Sun	Burnout Versus Golden Understanding 	The Sun's Shadow	burning your candle at both ends (expending your energy with such intensity that you eventually burn out)
thesun.jpeg	The Sun	Burnout Versus Golden Understanding 	The Sun's Shadow	failing to listen to your inner child 
thesun.jpeg	The Sun	Burnout Versus Golden Understanding 	The Sun's Shadow	feeling no joy in life 
thesun.jpeg	The Sun	Burnout Versus Golden Understanding 	The Sun's Shadow	rejecting the idea that your are connected to the universe and the people in it 
thesun.jpeg	The Sun	Burnout Versus Golden Understanding 	The Sun's Shadow	not wanting to try different experiences  
thesun.jpeg	The Sun	Burnout Versus Golden Understanding 	The Sun's Shadow	being attached to the little hurts of life 
thesun.jpeg	The Sun	Burnout Versus Golden Understanding 	The Sun's Shadow	seeing the world as an obstacle to overcome 
thesun.jpeg	The Sun	Burnout Versus Golden Understanding 	The Sun's Shadow	keeping secrets that eventually burn you 
thesun.jpeg	The Sun	Burnout Versus Golden Understanding 	The Sun's Shadow	overcoming people with your energy and personality 
thesun.jpeg	The Sun	Burnout Versus Golden Understanding 	The Sun's Shadow Gifts	optimism, positive energy, and action 
thesun.jpeg	The Sun	Burnout Versus Golden Understanding 	The Sun's Shadow Gifts	to become a child again and see the world with joy, not as an obstacle to overcome 
thesun.jpeg	The Sun	Burnout Versus Golden Understanding 	The Sun's Shadow Gifts	raising the consciousness of golden understanding; calm self-confidence and personal power because you understand your place in the universe 
thesun.jpeg	The Sun	Burnout Versus Golden Understanding 	The Sun's Shadow Gifts	being able to impart form and structure out of a chaotic mess 
thesun.jpeg	The Sun	Burnout Versus Golden Understanding 	The Sun's Shadow Gifts	reconnecting with your Higher Self which yields a direct experience with your Spiritual Source 
thesun.jpeg	The Sun	Burnout Versus Golden Understanding 	The Sun's Shadow Gifts	being successful 
thesun.jpeg	The Sun	Burnout Versus Golden Understanding 	The Sun's Shadow Gifts	revealing your true self to others 
thesun.jpeg	The Sun	Burnout Versus Golden Understanding 	The Sun's Shadow Gifts	having no need for secrecy 
thesun.jpeg	The Sun	Burnout Versus Golden Understanding 	The Sun's Shadow Gifts	feeling as though life has opened up because of some positive action that you took in your own behalf 
thesun.jpeg	The Sun	Burnout Versus Golden Understanding 	The Sun's Shadow Gifts	having abundant energy 
judgement.jpeg	Judgement	Paying the Piper Versus Rebirth 	Judgement's Shadow	having a harsh inner critic  
judgement.jpeg	Judgement	Paying the Piper Versus Rebirth 	Judgement's Shadow	focusing on what is being lost in any situation  
judgement.jpeg	Judgement	Paying the Piper Versus Rebirth 	Judgement's Shadow	failing to be merciful or forgiving with yourself or others 
judgement.jpeg	Judgement	Paying the Piper Versus Rebirth 	Judgement's Shadow	being too hard on yourself 
judgement.jpeg	Judgement	Paying the Piper Versus Rebirth 	Judgement's Shadow	seeking revenge or divine retribution on someone who has hurt you 
judgement.jpeg	Judgement	Paying the Piper Versus Rebirth 	Judgement's Shadow	staying stuck in hate 
judgement.jpeg	Judgement	Paying the Piper Versus Rebirth 	Judgement's Shadow	being mired in a personal point of view that you refuse to give up 
judgement.jpeg	Judgement	Paying the Piper Versus Rebirth 	Judgement's Shadow	projecting the shadow on others and judging them harshly 
judgement.jpeg	Judgement	Paying the Piper Versus Rebirth 	Judgement's Shadow	being critical of others 
judgement.jpeg	Judgement	Paying the Piper Versus Rebirth 	Judgement's Shadow	an unwillingness to see your own shortcomings 
judgement.jpeg	Judgement	Paying the Piper Versus Rebirth 	Judgement's Shadow	refusing to apologize 
judgement.jpeg	Judgement	Paying the Piper Versus Rebirth 	Judgement's Shadow	holding a grudge 
judgement.jpeg	Judgement	Paying the Piper Versus Rebirth 	Judgement's Shadow	having value judgments that keep you stuck in the same place 
judgement.jpeg	Judgement	Paying the Piper Versus Rebirth 	Judgement's Shadow	feeling isolated from your Spiritual Source 
judgement.jpeg	Judgement	Paying the Piper Versus Rebirth 	Judgement's Shadow	seeking to punish yourself or others, as in paying the piper 
judgement.jpeg	Judgement	Paying the Piper Versus Rebirth 	Judgement's Shadow Gifts	making amends 
judgement.jpeg	Judgement	Paying the Piper Versus Rebirth 	Judgement's Shadow Gifts	clearing the slate of past actions 
judgement.jpeg	Judgement	Paying the Piper Versus Rebirth 	Judgement's Shadow Gifts	paying debts that need to be paid 
judgement.jpeg	Judgement	Paying the Piper Versus Rebirth 	Judgement's Shadow Gifts	reaching conclusions, summing up, hindsight 
judgement.jpeg	Judgement	Paying the Piper Versus Rebirth 	Judgement's Shadow Gifts	a spiritual rebirth and renewal based on taking responsibility for your actions and choices 
judgement.jpeg	Judgement	Paying the Piper Versus Rebirth 	Judgement's Shadow Gifts	an honest and sincere self-appraisal 
judgement.jpeg	Judgement	Paying the Piper Versus Rebirth 	Judgement's Shadow Gifts	reaping what you have sewn 
judgement.jpeg	Judgement	Paying the Piper Versus Rebirth 	Judgement's Shadow Gifts	focusing on what is being gained, rather than what is being lost, in any situation 
judgement.jpeg	Judgement	Paying the Piper Versus Rebirth 	Judgement's Shadow Gifts	an increased awareness that leads to increased responsibility and more choices 
theworld.jpeg	The World	Chasing a Rainbow Versus The Challenge of Living Here 	The World's Shadow	missing the joy of the moment  
theworld.jpeg	The World	Chasing a Rainbow Versus The Challenge of Living Here 	The World's Shadow	looking for happiness outside yourself 
theworld.jpeg	The World	Chasing a Rainbow Versus The Challenge of Living Here 	The World's Shadow	life is what happens to you as you are busy making other plans  
theworld.jpeg	The World	Chasing a Rainbow Versus The Challenge of Living Here 	The World's Shadow	wishful thinking 
theworld.jpeg	The World	Chasing a Rainbow Versus The Challenge of Living Here 	The World's Shadow	chasing impossible rainbows 
theworld.jpeg	The World	Chasing a Rainbow Versus The Challenge of Living Here 	The World's Shadow	clinging to earthly security 
theworld.jpeg	The World	Chasing a Rainbow Versus The Challenge of Living Here 	The World's Shadow	forgetting what it took to get you this far 
theworld.jpeg	The World	Chasing a Rainbow Versus The Challenge of Living Here 	The World's Shadow	repressing painful memories 
theworld.jpeg	The World	Chasing a Rainbow Versus The Challenge of Living Here 	The World's Shadow	seeking a perfection that is not attainable 
theworld.jpeg	The World	Chasing a Rainbow Versus The Challenge of Living Here 	The World's Shadow	hanging on to the past 
theworld.jpeg	The World	Chasing a Rainbow Versus The Challenge of Living Here 	The World's Shadow	feeling overwhelmed by the problems of the world 
theworld.jpeg	The World	Chasing a Rainbow Versus The Challenge of Living Here 	The World's Shadow	the inability to recognize all aspects of yourself 
theworld.jpeg	The World	Chasing a Rainbow Versus The Challenge of Living Here 	The World's Shadow	fear of restriction 
theworld.jpeg	The World	Chasing a Rainbow Versus The Challenge of Living Here 	The World's Shadow	emotional stagnation and resting on your laurels 
theworld.jpeg	The World	Chasing a Rainbow Versus The Challenge of Living Here 	The World's Shadow	not taking charge of your life and choices 
theworld.jpeg	The World	Chasing a Rainbow Versus The Challenge of Living Here 	The World's Shadow	staying attached to people or ideas that hurt you 
theworld.jpeg	The World	Chasing a Rainbow Versus The Challenge of Living Here 	The World's Shadow	being caught up in your own tiny world unable to see the big picture 
theworld.jpeg	The World	Chasing a Rainbow Versus The Challenge of Living Here 	The World's Shadow Gifts	feeling untouched by human problems, yet fully capable of dealing with them 
theworld.jpeg	The World	Chasing a Rainbow Versus The Challenge of Living Here 	The World's Shadow Gifts	wearing the world like a loose garment 
theworld.jpeg	The World	Chasing a Rainbow Versus The Challenge of Living Here 	The World's Shadow Gifts	a feeling that nothing can overwhelm you now 
theworld.jpeg	The World	Chasing a Rainbow Versus The Challenge of Living Here 	The World's Shadow Gifts	the completion of one cycle and the beginning of another 
theworld.jpeg	The World	Chasing a Rainbow Versus The Challenge of Living Here 	The World's Shadow Gifts	standing on solid ground inside yourself 
theworld.jpeg	The World	Chasing a Rainbow Versus The Challenge of Living Here 	The World's Shadow Gifts	being a whole person—not perfect, but complete 
theworld.jpeg	The World	Chasing a Rainbow Versus The Challenge of Living Here 	The World's Shadow Gifts	realizing your goals 
theworld.jpeg	The World	Chasing a Rainbow Versus The Challenge of Living Here 	The World's Shadow Gifts	without attachment, you are able to let go of the past and dance into the future but equilibrium at its center 